"EquipmentId","Fleet","Make","Model","CurrentPowerType","ProposedPowerType","Confidence","Reason","WouldChange"
"4ee89460-5985-f111-ab0f-0022489917ff","FN1784","","FM-X14","Electric","Electric","Existing","Existing Power Type preserved; migration only populates unset records.","False"
"c68e2b90-f286-f111-ab10-0022489917ff","Fox&Gunn","Bendi","B315","Electric","Electric","Existing","Existing Power Type preserved; migration only populates unset records.","False"
"59b84027-3383-f111-ab0f-0022489917ff","FN2362","Bendi","B318","Electric","Electric","Existing","Existing Power Type preserved; migration only populates unset records.","False"
"1f98d35d-8084-f111-ab0f-0022489917ff","FN2627","Bendi","B318","Electric","Electric","Existing","Existing Power Type preserved; migration only populates unset records.","False"
"9ecbb167-3d83-f111-ab0f-0022489917ff","FN2628","Bendi","B318","Electric","Electric","Existing","Existing Power Type preserved; migration only populates unset records.","False"
"d07c26c8-f386-f111-ab10-0022489917ff","FN2712","Bendi","B318","Electric","Electric","Existing","Existing Power Type preserved; migration only populates unset records.","False"
"199dfeda-9084-f111-ab0f-0022489917ff","FN2713","Bendi","B318","Electric","Electric","Existing","Existing Power Type preserved; migration only populates unset records.","False"
"69b31bb1-4983-f111-ab0f-0022489917ff","FN1487","Bendi","B320","Electric","Electric","Existing","Existing Power Type preserved; migration only populates unset records.","False"
"7d4e4b70-4983-f111-ab0f-0022489917ff","FN2104","Bendi","B40VAC","Electric","Electric","Existing","Existing Power Type preserved; migration only populates unset records.","False"
"6c5dddcf-4083-f111-ab0f-0022489917ff","","Bendi","B420","Electric","Electric","Existing","Existing Power Type preserved; migration only populates unset records.","False"
"db2bb43a-4183-f111-ab0f-0022489917ff","#218","Bendi","B420","Electric","Electric","Existing","Existing Power Type preserved; migration only populates unset records.","False"
"2fc9894d-4983-f111-ab0f-0022489917ff","#220","Bendi","B420","Electric","Electric","Existing","Existing Power Type preserved; migration only populates unset records.","False"
"3440e899-3b83-f111-ab0f-0022489917ff","#221","Bendi","B420","Electric","Electric","Existing","Existing Power Type preserved; migration only populates unset records.","False"
"e424b9c8-0c84-f111-ab0e-7c1e52627ad8","#222","Bendi","B420","Electric","Electric","Existing","Existing Power Type preserved; migration only populates unset records.","False"
"1542e5bb-6785-f111-ab0f-0022489917ff","FN1845","Crown","","Electric","Electric","Existing","Existing Power Type preserved; migration only populates unset records.","False"
"1919ddf9-3f83-f111-ab0f-0022489917ff","FN1977","Crown","SP3220-30","Electric","Electric","Existing","Existing Power Type preserved; migration only populates unset records.","False"
"84b7a318-6585-f111-ab0f-0022489917ff","FN2530","EP","CPCD50T8-X","ICE","ICE","Existing","Existing Power Type preserved; migration only populates unset records.","False"
"205997b0-3383-f111-ab0f-0022489917ff","","EP","CPD15TVL","Electric","Electric","Existing","Existing Power Type preserved; migration only populates unset records.","False"
"87be52b9-9a85-f111-ab0e-6045bdc3dedb","Novii","EP","CPD15TVL","Electric","Electric","Existing","Existing Power Type preserved; migration only populates unset records.","False"
"bc5f1eec-3383-f111-ab0f-0022489917ff","","EP","CPD18TVL","Electric","Electric","Existing","Existing Power Type preserved; migration only populates unset records.","False"
"f2352f5e-d183-f111-ab0f-0022489917ff","FN2600","EP","CQD15SD","Electric","Electric","Existing","Existing Power Type preserved; migration only populates unset records.","False"
"5682e9fd-ec83-f111-ab0f-0022489917ff","UniversalPharm1","EP","CQD15SD","Electric","Electric","Existing","Existing Power Type preserved; migration only populates unset records.","False"
"adc61b14-4583-f111-ab0f-0022489917ff","FN2726","EP","CQD16L3","Electric","Electric","Existing","Existing Power Type preserved; migration only populates unset records.","False"
"83231f54-4a83-f111-ab0f-0022489917ff","","EP","CQD18S2","Electric","Electric","Existing","Existing Power Type preserved; migration only populates unset records.","False"
"6314a19f-4a83-f111-ab0f-0022489917ff","FN2220","EP","CQD20L","Electric","Electric","Existing","Existing Power Type preserved; migration only populates unset records.","False"
"0b23a0ff-4483-f111-ab0f-0022489917ff","FN2727","EP","CQD20LB","Electric","Electric","Existing","Existing Power Type preserved; migration only populates unset records.","False"
"150afaf2-4483-f111-ab0f-0022489917ff","FN2728","EP","CQD20LB","Electric","Electric","Existing","Existing Power Type preserved; migration only populates unset records.","False"
"57ae4285-0084-f111-ab0e-7c1e52627ad8","FN2716","EP","CQE12R","Electric","Electric","Existing","Existing Power Type preserved; migration only populates unset records.","False"
"29645948-0084-f111-ab0e-7c1e52627ad8","FN2717","EP","CQE12R","Electric","Electric","Existing","Existing Power Type preserved; migration only populates unset records.","False"
"d46475a8-b184-f111-ab0e-7ced8dd0eeb6","FN2718","EP","CQE12R","Electric","Electric","Existing","Existing Power Type preserved; migration only populates unset records.","False"
"a481e8b7-0084-f111-ab0e-7c1e52627ad8","FN2719","EP","CQE12R","Electric","Electric","Existing","Existing Power Type preserved; migration only populates unset records.","False"
"71e8e3ad-c583-f111-ab0f-0022489917ff","FN2402","EP","CQE15S","Electric","Electric","Existing","Existing Power Type preserved; migration only populates unset records.","False"
"82593464-e386-f111-ab10-0022489917ff","FN2715","EP","CQE15S","Electric","Electric","Existing","Existing Power Type preserved; migration only populates unset records.","False"
"2eb9b39e-0084-f111-ab0e-7c1e52627ad8","FN2730","EP","CQE15S","Electric","Electric","Existing","Existing Power Type preserved; migration only populates unset records.","False"
"c743da08-0d86-f111-ab0f-0022489917ff","FN2149","EP","CQE15S Li","Electric","Electric","Existing","Existing Power Type preserved; migration only populates unset records.","False"
"61302004-7b86-f111-ab0e-7ced8dd1afdc","FN2576","EP","EFL251B","Electric","Electric","Existing","Existing Power Type preserved; migration only populates unset records.","False"
"60302004-7b86-f111-ab0e-7ced8dd1afdc","FN2577","EP","EFL251B","Electric","Electric","Existing","Existing Power Type preserved; migration only populates unset records.","False"
"5f302004-7b86-f111-ab0e-7ced8dd1afdc","FN2621","EP","EFL252","Electric","Electric","Existing","Existing Power Type preserved; migration only populates unset records.","False"
"3ee4ad83-4983-f111-ab0f-0022489917ff","","EP","EFL253","Electric","Electric","Existing","Existing Power Type preserved; migration only populates unset records.","False"
"c0ea958b-4883-f111-ab0f-0022489917ff","FN2631","EP","EFL253P","Electric","Electric","Existing","Existing Power Type preserved; migration only populates unset records.","False"
"7322e6d0-4883-f111-ab0f-0022489917ff","FN2637","EP","EFL303P","Electric","Electric","Existing","Existing Power Type preserved; migration only populates unset records.","False"
"4c98b1d4-4483-f111-ab0f-0022489917ff","FN2738","EP","EFL303P","Electric","Electric","Existing","Existing Power Type preserved; migration only populates unset records.","False"
"9f20d104-3e83-f111-ab0f-0022489917ff","","EP","EFL303s","Electric","Electric","Existing","Existing Power Type preserved; migration only populates unset records.","False"
"6753032e-4a83-f111-ab0f-0022489917ff","FN2566","EP","EFL352","Electric","Electric","Existing","Existing Power Type preserved; migration only populates unset records.","False"
"f45f7a75-df86-f111-ab10-0022489917ff","FN2503","EP","EFL353P","Electric","Electric","Existing","Existing Power Type preserved; migration only populates unset records.","False"
"a3fafa2b-4583-f111-ab0f-0022489917ff","FN2725","EP","EFL353P","Electric","Electric","Existing","Existing Power Type preserved; migration only populates unset records.","False"
"29695c0e-1c86-f111-ab0f-0022489917ff","PPSEngineering","EP","EFL353P","Electric","Electric","Existing","Existing Power Type preserved; migration only populates unset records.","False"
"37124c70-4483-f111-ab0f-0022489917ff","FN2740","EP","EFLA301S","Electric","Electric","Existing","Existing Power Type preserved; migration only populates unset records.","False"
"26ba768d-e686-f111-ab10-0022489917ff","SmartSupermarket07","EP","EFXZ-251","Electric","Electric","Existing","Existing Power Type preserved; migration only populates unset records.","False"
"128d13a2-4483-f111-ab0f-0022489917ff","FN2744","EP","J1HD","Electric","Electric","Existing","Existing Power Type preserved; migration only populates unset records.","False"
"a6b01596-3d83-f111-ab0f-0022489917ff","","EP","J1HD-210","Electric","Electric","Existing","Existing Power Type preserved; migration only populates unset records.","False"
"c1f5cb6d-3f83-f111-ab0f-0022489917ff","","EP","JX0","Electric","Electric","Existing","Existing Power Type preserved; migration only populates unset records.","False"
"6b3afebe-be83-f111-ab0f-0022489917ff","FN2438","EP","JX1","Electric","Electric","Existing","Existing Power Type preserved; migration only populates unset records.","False"
"a10fc9d2-6e85-f111-ab0f-0022489917ff","FN2488","EP","JX1","Electric","Electric","Existing","Existing Power Type preserved; migration only populates unset records.","False"
"2e67f8e1-3f83-f111-ab0f-0022489917ff","FN1931","EP","QS10MM-1900","Electric","Electric","Existing","Existing Power Type preserved; migration only populates unset records.","False"
"1c84b53f-4483-f111-ab0f-0022489917ff","FN2742","EP","RTF25-4L-HV","ICE","ICE","Existing","Existing Power Type preserved; migration only populates unset records.","False"
"63302004-7b86-f111-ab0e-7ced8dd1afdc","FN2467","EP","TDL201","Electric","Electric","Existing","Existing Power Type preserved; migration only populates unset records.","False"
"5be9631c-8785-f111-ab0f-0022489917ff","MetalcraftPanels","Hubtex","Flux 30","Electric","Electric","Existing","Existing Power Type preserved; migration only populates unset records.","False"
"c0683b62-8785-f111-ab0f-0022489917ff","MetalcraftPanels1","Hubtex","Flux 40","Electric","Electric","Existing","Existing Power Type preserved; migration only populates unset records.","False"
"0bf8fc81-4b86-f111-ab0e-70a8a556603f","Honda2","Jungheinrich","EFG BB 216K/GF500DZ","Electric","Electric","Existing","Existing Power Type preserved; migration only populates unset records.","False"
"f366498c-2886-f111-ab0f-0022489917ff","FN1848","Komatsu","","ICE","ICE","Existing","Existing Power Type preserved; migration only populates unset records.","False"
"3b6e8c9d-9284-f111-ab0f-0022489917ff","FN1193","Komatsu","829057","Electric","Electric","Existing","Existing Power Type preserved; migration only populates unset records.","False"
"12ba4a62-eb83-f111-ab0f-0022489917ff","FN1231","Komatsu","FB18M-12","Electric","Electric","Existing","Existing Power Type preserved; migration only populates unset records.","False"
"bdeda21b-9384-f111-ab0f-0022489917ff","FN1285","Komatsu","FB18M-12","Electric","Electric","Existing","Existing Power Type preserved; migration only populates unset records.","False"
"a8fee8f6-9284-f111-ab0f-0022489917ff","FN1365","Komatsu","FB18M-12","Electric","Electric","Existing","Existing Power Type preserved; migration only populates unset records.","False"
"4604a4e1-4986-f111-ab0f-0022489917ff","FN2508","Komatsu","FB18M-12","Electric","Electric","Existing","Existing Power Type preserved; migration only populates unset records.","False"
"a8dd6c09-9384-f111-ab0f-0022489917ff","FN1496","Komatsu","FB20M-12","Electric","Electric","Existing","Existing Power Type preserved; migration only populates unset records.","False"
"dd996223-3e83-f111-ab0f-0022489917ff","FN1214","Komatsu","FB25-12","Electric","Electric","Existing","Existing Power Type preserved; migration only populates unset records.","False"
"a46f2f4c-1786-f111-ab0f-0022489917ff","FN1215","Komatsu","FB25-12","Electric","Electric","Existing","Existing Power Type preserved; migration only populates unset records.","False"
"8740f7d0-b784-f111-ab0f-0022489917ff","FN1228","Komatsu","FB25-12","Electric","Electric","Existing","Existing Power Type preserved; migration only populates unset records.","False"
"11275629-c583-f111-ab0f-0022489917ff","FN1717","Komatsu","FB25SHU-6","Electric","Electric","Existing","Existing Power Type preserved; migration only populates unset records.","False"
"6d5f2c9c-3f83-f111-ab0f-0022489917ff","#416","Komatsu","FD25T-17","ICE","ICE","Existing","Existing Power Type preserved; migration only populates unset records.","False"
"c5b49daa-8385-f111-ab0f-0022489917ff","FN1915","Komatsu","FD25T-17","ICE","ICE","Existing","Existing Power Type preserved; migration only populates unset records.","False"
"f3172ef9-e886-f111-ab10-0022489917ff","FN1992","Komatsu","FD25T-17","ICE","ICE","Existing","Existing Power Type preserved; migration only populates unset records.","False"
"4b45f874-4883-f111-ab0f-0022489917ff","FN2091","Komatsu","FD25T-17","ICE","ICE","Existing","Existing Power Type preserved; migration only populates unset records.","False"
"1253fcbf-e986-f111-ab10-0022489917ff","FN2454","Komatsu","FD25T-17","ICE","ICE","Existing","Existing Power Type preserved; migration only populates unset records.","False"
"c3fee5ab-1187-f111-ab0f-6045bde768bf","PikesPoint","Komatsu","FD25T-17","ICE","ICE","Existing","Existing Power Type preserved; migration only populates unset records.","False"
"3c48da8f-fa83-f111-ab0e-7c1e52627ad8","FN1462","Komatsu","FD30T-17","ICE","ICE","Existing","Existing Power Type preserved; migration only populates unset records.","False"
"fdd3d41b-2583-f111-ab0f-0022489917ff","FN1758","Komatsu","FD30T-17","ICE","ICE","Existing","Existing Power Type preserved; migration only populates unset records.","False"
"84aca7d6-4983-f111-ab0f-0022489917ff","FN1306","Komatsu","FD45YT-10","ICE","ICE","Existing","Existing Power Type preserved; migration only populates unset records.","False"
"54c34738-7684-f111-ab0f-0022489917ff","FN2419","Komatsu","FD45YT-10","ICE","ICE","Existing","Existing Power Type preserved; migration only populates unset records.","False"
"76b5ce00-4283-f111-ab0f-0022489917ff","VR8","Komatsu","FD45YT-10","ICE","ICE","Existing","Existing Power Type preserved; migration only populates unset records.","False"
"015ba5ec-4183-f111-ab0f-0022489917ff","VR9","Komatsu","FD45YT-10","ICE","ICE","Existing","Existing Power Type preserved; migration only populates unset records.","False"
"4e09c75c-6e86-f111-ab0e-7ced8dd1afdc","FN2461","Komatsu","FD50AT-10","ICE","ICE","Existing","Existing Power Type preserved; migration only populates unset records.","False"
"f4b21968-6a86-f111-ab0e-7ced8dd1afdc","FN1948","Komatsu","FD80-10","ICE","ICE","Existing","Existing Power Type preserved; migration only populates unset records.","False"
"1ce42993-6a86-f111-ab0e-7ced8dd1afdc","FN2446","Komatsu","FD80-10","ICE","ICE","Existing","Existing Power Type preserved; migration only populates unset records.","False"
"af8a7cd4-3583-f111-ab0f-0022489917ff","","Komatsu","FG15HT-17","ICE","ICE","Existing","Existing Power Type preserved; migration only populates unset records.","False"
"472a1a76-3583-f111-ab0f-0022489917ff","","Komatsu","FG25HT-17","ICE","ICE","Existing","Existing Power Type preserved; migration only populates unset records.","False"
"bae58ad6-3d83-f111-ab0f-0022489917ff","FN1313","Komatsu","FG25HT-17","ICE","ICE","Existing","Existing Power Type preserved; migration only populates unset records.","False"
"38062637-3b83-f111-ab0f-0022489917ff","FN1614","Komatsu","FG25HT-17","ICE","ICE","Existing","Existing Power Type preserved; migration only populates unset records.","False"
"66302004-7b86-f111-ab0e-7ced8dd1afdc","FN1951","Komatsu","FG25HT-17","ICE","ICE","Existing","Existing Power Type preserved; migration only populates unset records.","False"
"4dbb6a0c-3583-f111-ab0f-0022489917ff","FN2123","Komatsu","FG25HT-17","ICE","ICE","Existing","Existing Power Type preserved; migration only populates unset records.","False"
"aba97407-f286-f111-ab10-0022489917ff","FN2228","Komatsu","FG25HT-17","ICE","ICE","Existing","Existing Power Type preserved; migration only populates unset records.","False"
"32ade33b-4983-f111-ab0f-0022489917ff","","Komatsu","FG30HT-14","ICE","ICE","Existing","Existing Power Type preserved; migration only populates unset records.","False"
"3ec04371-8384-f111-ab0f-0022489917ff","Cardinal11","Komatsu","FG30T-17","ICE","ICE","Existing","Existing Power Type preserved; migration only populates unset records.","False"
"65302004-7b86-f111-ab0e-7ced8dd1afdc","FN2030","Komatsu","FG30T-17","ICE","ICE","Existing","Existing Power Type preserved; migration only populates unset records.","False"
"bdec6962-1487-f111-ab10-0022489917ff","FN2331","Komatsu","FG30T-17","ICE","ICE","Existing","Existing Power Type preserved; migration only populates unset records.","False"
"dbbec4c5-c383-f111-ab0f-0022489917ff","FN1791","Komatsu","FG35AT-17","ICE","ICE","Existing","Existing Power Type preserved; migration only populates unset records.","False"
"7f4cb2b5-5183-f111-ab0f-0022489917ff","","Komatsu","FG50AT-10","ICE","ICE","Existing","Existing Power Type preserved; migration only populates unset records.","False"
"c73cb7dc-0f87-f111-ab10-0022489917ff","FN1731","Komatsu","FG50AT-10","ICE","ICE","Existing","Existing Power Type preserved; migration only populates unset records.","False"
"9877e330-ea86-f111-ab10-0022489917ff","FN1753","Komatsu","FG50AT-10","ICE","ICE","Existing","Existing Power Type preserved; migration only populates unset records.","False"
"55282cc2-4883-f111-ab0f-0022489917ff","VFL01296","Komatsu","FG50AT-10","ICE","ICE","Existing","Existing Power Type preserved; migration only populates unset records.","False"
"4e856b9b-0884-f111-ab0e-7c1e52627ad8","VFL01298","Komatsu","FG50AT-10","ICE","ICE","Existing","Existing Power Type preserved; migration only populates unset records.","False"
"08eb7b43-d583-f111-ab0f-0022489917ff","Cairnscorp","Mitsubishi","FG25.M712","ICE","ICE","Existing","Existing Power Type preserved; migration only populates unset records.","False"
"88793f7f-4a83-f111-ab0f-0022489917ff","FN1703","Mulcahy","RX60-25","Electric","Electric","Existing","Existing Power Type preserved; migration only populates unset records.","False"
"49767ef1-3a86-f111-ab0e-000d3aca7edd","CoastlineTransport","Omega","TECH-10","ICE","ICE","Existing","Existing Power Type preserved; migration only populates unset records.","False"
"661bffa3-5b85-f111-ab0f-0022489917ff","FN1985","Still","EK-X24","Electric","Electric","Existing","Existing Power Type preserved; migration only populates unset records.","False"
"e5aae8be-3f83-f111-ab0f-0022489917ff","FN1789","Still","EXU-SF20","Electric","Electric","Existing","Existing Power Type preserved; migration only populates unset records.","False"
"1edb10a1-4385-f111-ab0f-0022489917ff","FN1871","Still","FM-X14","Electric","Electric","Existing","Existing Power Type preserved; migration only populates unset records.","False"
"ec98df6b-4185-f111-ab0f-0022489917ff","FN1829","Still","FM-X20","Electric","Electric","Existing","Existing Power Type preserved; migration only populates unset records.","False"
"2f08a785-3883-f111-ab0f-0022489917ff","FN2350","Still","FMX-25","Electric","Electric","Existing","Existing Power Type preserved; migration only populates unset records.","False"
"e6b9fe07-ba83-f111-ab0f-0022489917ff","VisyboardVRT00035","Still","FMX-25","Electric","Electric","Existing","Existing Power Type preserved; migration only populates unset records.","False"
"d365cc3c-4883-f111-ab0f-0022489917ff","FN2132","Still","FM-X25","Electric","Electric","Existing","Existing Power Type preserved; migration only populates unset records.","False"
"9fe55d7b-3383-f111-ab0f-0022489917ff","FN2457","Still","RCE20","Electric","Electric","Existing","Existing Power Type preserved; migration only populates unset records.","False"
"254e4c7e-4c86-f111-ab0e-70a8a556603f","FN2458","Still","RCE20P","Electric","Electric","Existing","Existing Power Type preserved; migration only populates unset records.","False"
"326f6d66-4883-f111-ab0f-0022489917ff","FN2475","Still","RCE25","Electric","Electric","Existing","Existing Power Type preserved; migration only populates unset records.","False"
"c4e13fa5-4883-f111-ab0f-0022489917ff","FN2528","Still","RCE25","Electric","Electric","Existing","Existing Power Type preserved; migration only populates unset records.","False"
"64302004-7b86-f111-ab0e-7ced8dd1afdc","FN2387","Still","RCE30","ICE","ICE","Existing","Existing Power Type preserved; migration only populates unset records.","False"
"62302004-7b86-f111-ab0e-7ced8dd1afdc","FN2477","Still","RCE30","Electric","Electric","Existing","Existing Power Type preserved; migration only populates unset records.","False"
"62fff0f5-8684-f111-ab0f-0022489917ff","FN1832","Still","RX20-16PL","Electric","Electric","Existing","Existing Power Type preserved; migration only populates unset records.","False"
"2ce423a4-0b86-f111-ab0f-0022489917ff","FN1849","Still","RX20-18 Li-Ion","Electric","Electric","Existing","Existing Power Type preserved; migration only populates unset records.","False"
"e2098eca-2587-f111-ab0f-7ced8d339db5","Cardinal16","Still","RX20-20","Electric","Electric","Existing","Existing Power Type preserved; migration only populates unset records.","False"
"4703b36d-1886-f111-ab0f-0022489917ff","FN2298","Still","RX20-20","Electric","Electric","Existing","Existing Power Type preserved; migration only populates unset records.","False"
"adf921c4-9884-f111-ab0f-0022489917ff","Cardinal05","Still","RX20-20P","Electric","Electric","Existing","Existing Power Type preserved; migration only populates unset records.","False"
"52b373ab-3b85-f111-ab0f-0022489917ff","Cardinal09","Still","RX20-20P","Electric","Electric","Existing","Existing Power Type preserved; migration only populates unset records.","False"
"60d87292-4186-f111-ab0f-0022489917ff","Cardinal12","Still","RX20-20P","Electric","Electric","Existing","Existing Power Type preserved; migration only populates unset records.","False"
"8c018fee-a784-f111-ab0f-0022489917ff","FN1910","Still","RX20-20P","Electric","Electric","Existing","Existing Power Type preserved; migration only populates unset records.","False"
"51d259ee-f982-f111-ab0f-0022489917ff","FN1941","Still","RX20-20P","Electric","Electric","Existing","Existing Power Type preserved; migration only populates unset records.","False"
"d54ed473-7286-f111-ab0e-7ced8dd1afdc","VisyboardVFL00957","Still","RX20-20PL","Electric","Electric","Existing","Existing Power Type preserved; migration only populates unset records.","False"
"d64ed473-7286-f111-ab0e-7ced8dd1afdc","VisyboardVFL00958","Still","RX20-20PL","Electric","Electric","Existing","Existing Power Type preserved; migration only populates unset records.","False"
"d74ed473-7286-f111-ab0e-7ced8dd1afdc","VisyboardVFL00959","Still","RX20-20PL","Electric","Electric","Existing","Existing Power Type preserved; migration only populates unset records.","False"
"d84ed473-7286-f111-ab0e-7ced8dd1afdc","VisyboardVFL00960","Still","RX20-20PL","Electric","Electric","Existing","Existing Power Type preserved; migration only populates unset records.","False"
"d94ed473-7286-f111-ab0e-7ced8dd1afdc","VisyboardVFL00961","Still","RX20-20PL","Electric","Electric","Existing","Existing Power Type preserved; migration only populates unset records.","False"
"da4ed473-7286-f111-ab0e-7ced8dd1afdc","VisyboardVFL00962","Still","RX20-20PL","Electric","Electric","Existing","Existing Power Type preserved; migration only populates unset records.","False"
"db4ed473-7286-f111-ab0e-7ced8dd1afdc","VisyboardVFL00963","Still","RX20-20PL","Electric","Electric","Existing","Existing Power Type preserved; migration only populates unset records.","False"
"dc4ed473-7286-f111-ab0e-7ced8dd1afdc","VisyboardVFL00964","Still","RX20-20PL","Electric","Electric","Existing","Existing Power Type preserved; migration only populates unset records.","False"
"7faeaccf-0b86-f111-ab0f-0022489917ff","FN2015","Still","RX50-15","Electric","Electric","Existing","Existing Power Type preserved; migration only populates unset records.","False"
"2be5aca8-4083-f111-ab0f-0022489917ff","FN1652","Still","RX60","Electric","Electric","Existing","Existing Power Type preserved; migration only populates unset records.","False"
"de4e93f3-4083-f111-ab0f-0022489917ff","FN1972","Still","RX60","Electric","Electric","Existing","Existing Power Type preserved; migration only populates unset records.","False"
"d48343f0-0386-f111-ab0f-0022489917ff","FN1325","Still","RX60-20","Electric","Electric","Existing","Existing Power Type preserved; migration only populates unset records.","False"
"cb5acc85-3e83-f111-ab0f-0022489917ff","FN1326","Still","RX60-20","Electric","Electric","Existing","Existing Power Type preserved; migration only populates unset records.","False"
"6a302004-7b86-f111-ab0e-7ced8dd1afdc","FN1576","Still","RX60-25","Electric","Electric","Existing","Existing Power Type preserved; migration only populates unset records.","False"
"69302004-7b86-f111-ab0e-7ced8dd1afdc","FN1632","Still","RX60-25","Electric","Electric","Existing","Existing Power Type preserved; migration only populates unset records.","False"
"12f9d4e8-4186-f111-ab0f-0022489917ff","FN1653","Still","RX60-25","Electric","Electric","Existing","Existing Power Type preserved; migration only populates unset records.","False"
"68302004-7b86-f111-ab0e-7ced8dd1afdc","FN1700","Still","RX60-25","Electric","Electric","Existing","Existing Power Type preserved; migration only populates unset records.","False"
"bf207556-7784-f111-ab0f-0022489917ff","FN2086","Still","RX60-25","Electric","Electric","Existing","Existing Power Type preserved; migration only populates unset records.","False"
"51a320a0-6885-f111-ab0f-0022489917ff","FN2378","Still","RX60-25","Electric","Electric","Existing","Existing Power Type preserved; migration only populates unset records.","False"
"08dda38f-6885-f111-ab0f-0022489917ff","FN2379","Still","RX60-25","Electric","Electric","Existing","Existing Power Type preserved; migration only populates unset records.","False"
"fcf5afb3-6885-f111-ab0f-0022489917ff","FN2385","Still","RX60-25","Electric","Electric","Existing","Existing Power Type preserved; migration only populates unset records.","False"
"6178f61c-4083-f111-ab0f-0022489917ff","FN1678","Still","RX60-25L/600","Electric","Electric","Existing","Existing Power Type preserved; migration only populates unset records.","False"
"456f29f1-6d86-f111-ab0e-7ced8dd1afdc","FN1780","Still","RX60-25L/600","Electric","Electric","Existing","Existing Power Type preserved; migration only populates unset records.","False"
"67302004-7b86-f111-ab0e-7ced8dd1afdc","FN1781","Still","RX60-25L/600","Electric","Electric","Existing","Existing Power Type preserved; migration only populates unset records.","False"
"e14ed473-7286-f111-ab0e-7ced8dd1afdc","VisyboardVFL00969","Still","RX60-25L/600","Electric","Electric","Existing","Existing Power Type preserved; migration only populates unset records.","False"
"e64ed473-7286-f111-ab0e-7ced8dd1afdc","VisyboardVFL00970","Still","RX60-25L/600","Electric","Electric","Existing","Existing Power Type preserved; migration only populates unset records.","False"
"e94b23cf-6d86-f111-ab0e-7ced8dd1afdc","FN1677","Still","RX60-25L600","Electric","Electric","Existing","Existing Power Type preserved; migration only populates unset records.","False"
"6b302004-7b86-f111-ab0e-7ced8dd1afdc","FN1470","Still","RX60-30","Electric","Electric","Existing","Existing Power Type preserved; migration only populates unset records.","False"
"0f0921b5-4a83-f111-ab0f-0022489917ff","FN1471","Still","RX60-30","Electric","Electric","Existing","Existing Power Type preserved; migration only populates unset records.","False"
"282cbbb7-3d83-f111-ab0f-0022489917ff","FN1957","Still","RX60-30","Electric","Electric","Existing","Existing Power Type preserved; migration only populates unset records.","False"
"472bbeb2-6786-f111-ab0e-7ced8dd1afdc","FN2343","Still","RX60-30/600","Electric","Electric","Existing","Existing Power Type preserved; migration only populates unset records.","False"
"a603f6cd-8a84-f111-ab0f-0022489917ff","FN2363","Still","RX60-30/600","Electric","Electric","Existing","Existing Power Type preserved; migration only populates unset records.","False"
"6a210c21-6886-f111-ab0e-7ced8dd1afdc","FN2364","Still","RX60-30/600","Electric","Electric","Existing","Existing Power Type preserved; migration only populates unset records.","False"
"58e87e77-6886-f111-ab0e-7ced8dd1afdc","FN2365","Still","RX60-30/600","Electric","Electric","Existing","Existing Power Type preserved; migration only populates unset records.","False"
"a32210ed-6986-f111-ab0e-7ced8dd1afdc","FN2370","Still","RX60-30/600","Electric","Electric","Existing","Existing Power Type preserved; migration only populates unset records.","False"
"122cca4b-4986-f111-ab0f-0022489917ff","FN2371","Still","RX60-30/600","Electric","Electric","Existing","Existing Power Type preserved; migration only populates unset records.","False"
"2c6bef33-6a86-f111-ab0e-7ced8dd1afdc","FN2372","Still","RX60-30/600","Electric","Electric","Existing","Existing Power Type preserved; migration only populates unset records.","False"
"de4ed473-7286-f111-ab0e-7ced8dd1afdc","VisyboardVFL00966","Still","RX60-30L","Electric","Electric","Existing","Existing Power Type preserved; migration only populates unset records.","False"
"df4ed473-7286-f111-ab0e-7ced8dd1afdc","VisyboardVFL00967","Still","RX60-30L","Electric","Electric","Existing","Existing Power Type preserved; migration only populates unset records.","False"
"ec4ed473-7286-f111-ab0e-7ced8dd1afdc","VisyboardVFL00971","Still","RX60-30L","Electric","Electric","Existing","Existing Power Type preserved; migration only populates unset records.","False"
"f14ed473-7286-f111-ab0e-7ced8dd1afdc","VisyboardVFL00972","Still","RX60-30L","Electric","Electric","Existing","Existing Power Type preserved; migration only populates unset records.","False"
"f74ed473-7286-f111-ab0e-7ced8dd1afdc","VisyboardVFL00973","Still","RX60-30L","Electric","Electric","Existing","Existing Power Type preserved; migration only populates unset records.","False"
"fd4ed473-7286-f111-ab0e-7ced8dd1afdc","VisyboardVFL00974","Still","RX60-30L","Electric","Electric","Existing","Existing Power Type preserved; migration only populates unset records.","False"
"024fd473-7286-f111-ab0e-7ced8dd1afdc","VisyboardVFL00975","Still","RX60-30L","Electric","Electric","Existing","Existing Power Type preserved; migration only populates unset records.","False"
"ad4d6092-6586-f111-ab0e-7ced8dd1afdc","FN2341","Still","RX60-30L600","Electric","Electric","Existing","Existing Power Type preserved; migration only populates unset records.","False"
"81114d97-6786-f111-ab0e-7ced8dd1afdc","FN2342","Still","RX60-30L600","Electric","Electric","Existing","Existing Power Type preserved; migration only populates unset records.","False"
"323dc2c9-6786-f111-ab0e-7ced8dd1afdc","FN2344","Still","RX60-30L600","Electric","Electric","Existing","Existing Power Type preserved; migration only populates unset records.","False"
"08076aed-6786-f111-ab0e-7ced8dd1afdc","FN2357","Still","RX60-30L600","Electric","Electric","Existing","Existing Power Type preserved; migration only populates unset records.","False"
"33f5ea67-6986-f111-ab0e-7ced8dd1afdc","FN2366","Still","RX60-30L600","Electric","Electric","Existing","Existing Power Type preserved; migration only populates unset records.","False"
"2f58131a-4983-f111-ab0f-0022489917ff","FN2464","Still","RX60-50","Electric","Electric","Existing","Existing Power Type preserved; migration only populates unset records.","False"
"dd4ed473-7286-f111-ab0e-7ced8dd1afdc","VisyboardVFL00965","Still","RX60-50/600","Electric","Electric","Existing","Existing Power Type preserved; migration only populates unset records.","False"
"e04ed473-7286-f111-ab0e-7ced8dd1afdc","VisyboardVFL00968","Still","RX60-50/600","Electric","Electric","Existing","Existing Power Type preserved; migration only populates unset records.","False"
"ff8628aa-4283-f111-ab0f-0022489917ff","VFL01325","Still","RX60-70","Electric","Electric","Existing","Existing Power Type preserved; migration only populates unset records.","False"
"084fd473-7286-f111-ab0e-7ced8dd1afdc","VisyboardVFL00976","Still","RX60-70","Electric","Electric","Existing","Existing Power Type preserved; migration only populates unset records.","False"
"0f4fd473-7286-f111-ab0e-7ced8dd1afdc","VisyboardVFL00977","Still","RX60-70","Electric","Electric","Existing","Existing Power Type preserved; migration only populates unset records.","False"
"79fcd82b-6e86-f111-ab0e-7ced8dd1afdc","FN1579","Still","RX70-30H","ICE","ICE","Existing","Existing Power Type preserved; migration only populates unset records.","False"
"407cd118-6085-f111-ab0f-0022489917ff","TWTCMFHG25N5","TCM","FHG25N5","ICE","ICE","Existing","Existing Power Type preserved; migration only populates unset records.","False"
"e286c745-e583-f111-ab0f-0022489917ff","","Toyata","02-7FG30","ICE","ICE","Existing","Existing Power Type preserved; migration only populates unset records.","False"
"b51e4663-c683-f111-ab0f-0022489917ff","FirstExport","Toyota","7FG25","ICE","ICE","Existing","Existing Power Type preserved; migration only populates unset records.","False"
"67e51e98-7485-f111-ab0f-0022489917ff","Cam65","Toyota","Hiace","ICE","ICE","Existing","Existing Power Type preserved; migration only populates unset records.","False"
"02c3b3cf-c783-f111-ab0f-0022489917ff","Magnus","YALE","FD25PVII","ICE","ICE","Existing","Existing Power Type preserved; migration only populates unset records.","False"
